<?xml version="1.0" encoding="UTF-8" standalone="no"?>
<Export>
   <Specification-Title>Synchrony Integrator Export file</Specification-Title>
   <Component-Vendor>Axway Software</Component-Vendor>
   <Creation-Date>2022-01-20T20:47:25.000Z</Creation-Date>
   <Specification-Version><![CDATA[26.4.0-2]]></Specification-Version>
   <Component-Name>MAPSERVICE</Component-Name>
   <Component-Version>3.1.2</Component-Version>
   <Component-Host-Name>ITEM-AX32843</Component-Host-Name>
   <Audit-Id>67aadfc7-e610-4957-b469-92ab59bc7e5b</Audit-Id>
   <Action-Type>Export-Object-Set</Action-Type>
   <Origin>Map-Designer</Origin>
   <UsedNamespaces>true</UsedNamespaces>
</Export>
