<?xml version="1.0" encoding="UTF-8" standalone="no"?>
<MapBrokers xmlns:xsi="http://www.w3.org/2001/XMLSchema-instance" xsi:noNamespaceSchemaLocation="MapBrokers_2.xsd">
   <MapBroker dmlCompatibility="1.5" id="692b1231-dd68-4a89-9f66-c071ace9a1c4" label="" lastModified="2022-01-20T16:52:20.000Z" name="MAPSERVICE_ExampleDetectors_XML2_flat_PO_1::MAPSERVICE.ExampleDetectors.Main_Block_XML2_flat_PO_11" xmlVersion="1.0">
      <DmlMapBroker>
         <InputBusinessDocuments>
            <InputBusinessDocument>
               <BusinessDocument id="">
                  <name>MAPSERVICE_ExampleDetectors_XML2_flat_PO_1::MAPSERVICE.ExampleDetectors.XmlPurchaseOrder</name>
                  <lastModified>2022-01-20T20:45:38.000Z</lastModified>
               </BusinessDocument>
               <Alias>in</Alias>
            </InputBusinessDocument>
         </InputBusinessDocuments>
         <DecisionPath>
            <StepMappingRule>
               <MappingRule id="0522d4f5-4fe3-4527-86de-4245ec641306" label="" lastModified="2022-01-20T20:47:25.000Z" name="MAPSERVICE_ExampleDetectors_XML2_flat_PO_1::MAPSERVICE.ExampleDetectors.XML2_flat_PO:XML2_flat_PO" xmlVersion="1.0">
                  <OutputBusinessDocument id="">
                     <name>MAPSERVICE_ExampleDetectors_XML2_flat_PO_1::MAPSERVICE.ExampleDetectors.PurchaseOrder</name>
                     <lastModified>2022-01-20T20:45:38.000Z</lastModified>
                  </OutputBusinessDocument>
                  <MappingElement ElementReferenceId="10">
                     <Expression>
                        <DmlExpression><![CDATA[this\OrderDate]]></DmlExpression>
                     </Expression>
                     <Comment/>
                  </MappingElement>
                  <MappingElement ElementReferenceId="3">
                     <Expression>
                        <DmlExpression><![CDATA[in:\Prolog\XmlDocType]]></DmlExpression>
                     </Expression>
                     <Comment/>
                  </MappingElement>
                  <MappingElement ElementReferenceId="11">
                     <Expression>
                        <DmlExpression><![CDATA[this\OrderItem]]></DmlExpression>
                     </Expression>
                     <Comment/>
                  </MappingElement>
                  <MappingElement ElementReferenceId="6">
                     <Expression>
                        <DmlExpression><![CDATA[in:\PurchaseOrder\OrderFrom]]></DmlExpression>
                     </Expression>
                     <Comment/>
                  </MappingElement>
                  <MappingElement ElementReferenceId="2">
                     <Expression>
                        <DmlExpression><![CDATA["PO"]]></DmlExpression>
                     </Expression>
                     <Comment/>
                  </MappingElement>
                  <MappingElement ElementReferenceId="8">
                     <Expression>
                        <DmlExpression><![CDATA[for each in:\PurchaseOrder\LINE]]></DmlExpression>
                     </Expression>
                     <Comment/>
                  </MappingElement>
                  <MappingElement ElementReferenceId="7">
                     <Expression>
                        <DmlExpression><![CDATA[in:\PurchaseOrder\OrderTo]]></DmlExpression>
                     </Expression>
                     <Comment/>
                  </MappingElement>
                  <MappingElement ElementReferenceId="4">
                     <Expression>
                        <DmlExpression><![CDATA[in:\PurchaseOrder\DocVersion]]></DmlExpression>
                     </Expression>
                     <Comment/>
                  </MappingElement>
                  <MappingElement ElementReferenceId="5">
                     <Expression>
                        <DmlExpression><![CDATA[in:\PurchaseOrder\DocId]]></DmlExpression>
                     </Expression>
                     <Comment/>
                  </MappingElement>
                  <MappingElement ElementReferenceId="9">
                     <Expression>
                        <DmlExpression><![CDATA[this\OrderNum]]></DmlExpression>
                     </Expression>
                     <Comment/>
                  </MappingElement>
               </MappingRule>
               <StepOutput>
                  <OutputName>out</OutputName>
               </StepOutput>
            </StepMappingRule>
         </DecisionPath>
      </DmlMapBroker>
   </MapBroker>
</MapBrokers>
